Datetime,Water Level (m)
2025-08-06 18:00:00,0.45693877
2025-08-06 19:00:00,0.60101616
2025-08-06 20:00:00,0.6572821
2025-08-06 21:00:00,0.5883246
2025-08-06 22:00:00,0.4459329
2025-08-06 23:00:00,0.29154617
2025-08-07 00:00:00,0.14010902
2025-08-07 01:00:00,-0.0019030607
2025-08-07 02:00:00,-0.0993905
2025-08-07 03:00:00,-0.0432148
2025-08-07 04:00:00,0.15085484
2025-08-07 05:00:00,0.3860499
2025-08-07 06:00:00,0.6354426
2025-08-07 07:00:00,0.8629647
2025-08-07 08:00:00,1.0115694
2025-08-07 09:00:00,1.010229
2025-08-07 10:00:00,0.8607731
2025-08-07 11:00:00,0.6761736
2025-08-07 12:00:00,0.49390882
2025-08-07 13:00:00,0.3148071
2025-08-07 14:00:00,0.15801518
2025-08-07 15:00:00,0.05083026
2025-08-07 16:00:00,0.1016177
2025-08-07 17:00:00,0.29213023
2025-08-07 18:00:00,0.50043255
2025-08-07 19:00:00,0.7053223
2025-08-07 20:00:00,0.855619
2025-08-07 21:00:00,0.86399764
2025-08-07 22:00:00,0.7245602
2025-08-07 23:00:00,0.5507596
2025-08-08 00:00:00,0.37408483
2025-08-08 01:00:00,0.20229441
2025-08-08 02:00:00,0.054405924
2025-08-08 03:00:00,-0.032678958
2025-08-08 04:00:00,0.07906581
2025-08-08 05:00:00,0.3086176
2025-08-08 06:00:00,0.5716066
2025-08-08 07:00:00,0.8495832
2025-08-08 08:00:00,1.0726218
2025-08-08 09:00:00,1.1753137
2025-08-08 10:00:00,1.0968343
2025-08-08 11:00:00,0.9063591
2025-08-08 12:00:00,0.7060117
2025-08-08 13:00:00,0.50879735
2025-08-08 14:00:00,0.31921205
2025-08-08 15:00:00,0.15726672
2025-08-08 16:00:00,0.0719995
2025-08-08 17:00:00,0.21170498
2025-08-08 18:00:00,0.44798306
2025-08-08 19:00:00,0.69651085
2025-08-08 20:00:00,0.92703617
2025-08-08 21:00:00,1.0492125
2025-08-08 22:00:00,0.98382926
2025-08-08 23:00:00,0.8053884
2025-08-09 00:00:00,0.6180083
2025-08-09 01:00:00,0.4314078
2025-08-09 02:00:00,0.25271922
2025-08-09 03:00:00,0.101170525
2025-08-09 04:00:00,0.041548174
2025-08-09 05:00:00,0.22663535
2025-08-09 06:00:00,0.49695215
2025-08-09 07:00:00,0.7973005
2025-08-09 08:00:00,1.0846639
2025-08-09 09:00:00,1.2843812
2025-08-09 10:00:00,1.3077232
2025-08-09 11:00:00,1.1520174
2025-08-09 12:00:00,0.94157
2025-08-09 13:00:00,0.7327374
2025-08-09 14:00:00,0.5308155
2025-08-09 15:00:00,0.3422333
2025-08-09 16:00:00,0.18371141
2025-08-09 17:00:00,0.14808649
2025-08-09 18:00:00,0.35417727
2025-08-09 19:00:00,0.61762744
2025-08-09 20:00:00,0.88461053
2025-08-09 21:00:00,1.1012264
2025-08-09 22:00:00,1.1646646
2025-08-09 23:00:00,1.0265183
2025-08-10 00:00:00,0.8307091
2025-08-10 01:00:00,0.63546336
2025-08-10 02:00:00,0.44407523
2025-08-10 03:00:00,0.26464817
2025-08-10 04:00:00,0.117603995
2025-08-10 05:00:00,0.09813784
2025-08-10 06:00:00,0.32788846
2025-08-10 07:00:00,0.62759185
2025-08-10 08:00:00,0.95229965
2025-08-10 09:00:00,1.2393689
2025-08-10 10:00:00,1.3923774
2025-08-10 11:00:00,1.3350084
2025-08-10 12:00:00,1.1320362
2025-08-10 13:00:00,0.9157934
2025-08-10 14:00:00,0.7036476
2025-08-10 15:00:00,0.5028233
2025-08-10 16:00:00,0.32141933
2025-08-10 17:00:00,0.19029611
2025-08-10 18:00:00,0.27553698
2025-08-10 19:00:00,0.5317445
2025-08-10 20:00:00,0.8170101
2025-08-10 21:00:00,1.0955448
2025-08-10 22:00:00,1.2799852
2025-08-10 23:00:00,1.2540401
2025-08-11 00:00:00,1.0699811
2025-08-11 01:00:00,0.8645395
2025-08-11 02:00:00,0.65966076
2025-08-11 03:00:00,0.46423426
2025-08-11 04:00:00,0.2869715
2025-08-11 05:00:00,0.1596504
2025-08-11 06:00:00,0.2463329
2025-08-11 07:00:00,0.51977307
2025-08-11 08:00:00,0.83824664
2025-08-11 09:00:00,1.1635085
2025-08-11 10:00:00,1.4098777
2025-08-11 11:00:00,1.4422737
2025-08-11 12:00:00,1.3239347
2025-08-11 13:00:00,1.1386524
2025-08-11 14:00:00,0.92961264
2025-08-11 15:00:00,0.6890751
2025-08-11 16:00:00,0.48409662
2025-08-11 17:00:00,0.31152815
2025-08-11 18:00:00,0.24093375
2025-08-11 19:00:00,0.43434605
2025-08-11 20:00:00,0.72404563
2025-08-11 21:00:00,1.0203024
2025-08-11 22:00:00,1.2790854
2025-08-11 23:00:00,1.3946617
2025-08-12 00:00:00,1.285248
2025-08-12 01:00:00,1.0812699
2025-08-12 02:00:00,0.87188154
2025-08-12 03:00:00,0.6652175
2025-08-12 04:00:00,0.46886513
2025-08-12 05:00:00,0.3048717
2025-08-12 06:00:00,0.22530377
2025-08-12 07:00:00,0.41010818
2025-08-12 08:00:00,0.70993334
2025-08-12 09:00:00,1.0435598
2025-08-12 10:00:00,1.3490602
2025-08-12 11:00:00,1.535924
2025-08-12 12:00:00,1.4808913
2025-08-12 13:00:00,1.3398495
2025-08-12 14:00:00,1.1614437
2025-08-12 15:00:00,0.92833126
2025-08-12 16:00:00,0.70312494
2025-08-12 17:00:00,0.49097258
2025-08-12 18:00:00,0.32903212
